{
    "chain_name": "local_testnet",
    "block_production": {
      "ProofOfAuthority": {
        "trigger": "instant"
      }
    },
    "parent_network": {
      "type": "LocalTest"
    },
    "block_gas_limit": 1000000000,
    "initial_state": {
      "coins": [
        {
          "owner": "0x2ce05bde9ada2d2c58b5eb9f08be34df19375d618626c324f75dfdbd226c8d88",
          "amount": "0xFFFFFFFFFFFFFFFF",
          "asset_id": "0x0000000000000000000000000000000000000000000000000000000000000000"
        },
        {
          "owner": "0xccc4f9249536cf89ab0f31bb52fa06c00ea0387dcac5830924ecf56f2dded3a5",
          "amount": "0x00000000FFFFFFFF",
          "asset_id": "0x0000000000000000000000000000000000000000000000000000000000000000"
        },
        {
          "owner": "0x330e6922460257edbaac821df96a555bc745041c97ff5411ec83f2b29f471c27",
          "amount": "0x00000000FFFFFFFF",
          "asset_id": "0x0000000000000000000000000000000000000000000000000000000000000000"
        }
      ]
    },
    "transaction_parameters": {
      "contract_max_size": 16777216,
      "max_inputs": 255,
      "max_outputs": 255,
      "max_witnesses": 255,
      "max_gas_per_tx": 100000000,
      "max_script_length": 1048576,
      "max_script_data_length": 1048576,
      "max_static_contracts": 255,
      "max_storage_slots": 255,
      "max_predicate_length": 1048576,
      "max_predicate_data_length": 1048576,
      "gas_price_factor": 1000000000,
      "gas_per_byte": 4,
      "max_message_data_length": 1048576
    },
    "block_producer": {
      "utxo_validation": true,
      "coinbase_recipient": "0x0000000000000000000000000000000000000000000000000000000000000000"
    },
    "consensus": {
      "PoA": {
        "signing_key": "0x22ec92c3105c942a6640bdc4e4907286ec4728e8cfc0d8ac59aad4d8e1ccaefb"
      }
    }
  }
